{
  "header": {
    "header_doc_central": "ドキュメントセントラル",
    "header_products": "製品",
    "header_products_az": "インフォアの製品(昇順)",
    "header_cloud": "クラウド",
    "header_technology": "テクノロジー",
    "language": {
      "header_language_message": "言語の選択",
      "header_all_link": "全言語"
    }
  },
  "home": {
    "home_tagline": "どこからでも成功に導く",
    "home_browse": "製品の表示(昇順)"
  },
  "footer": {
    "footer_training": "トレーニング",
    "footer_support": "サポート",
    "footer_services": "サービス",
    "footer_contact": "インフォアに連絡",
    "footer_legal": "免責事項",
    "footer_privacy": "プライバシー方針",
    "footer_copyright": "Copyright 2020. Infor. All rights reserved."
  },
  "products": {
    "products_title": "インフォアの製品",
    "products_home": "ホーム",
    "products_header_products_az": "製品(昇順)",
    "products_extreme_message_pre_link": "製品名がこのリストに表示されていないときは、 ",
    "products_extreme_message_post_link": " を参照してください(ログインが必要な場合もあります)。"
  },
  "product": {
    "product_home": "ホーム",
    "product_title_text": "オンラインドキュメントバージョン",
    "product_version": "バージョン",
    "product_version_select": "バージョンを選択します",
    "product_language_not_available": "コンテンツ全てが翻訳されているとは限りません。英語のみで利用できるコンテンツもリストに表示されます。",
    "product_title_column": "タイトル",
    "product_language_column": "言語",
    "product_date_column": "発行日",
    "product_add_info_pre_link": "技術ガイドやインストールガイドなどの追加の情報、ならびにここに表示された項目の古いバージョンは ",
    "product_add_info_post_link": " にあります(ログインが必要な場合もあります)。",
    "product_demo_header": "デモの入手",
    "product_demo_text": "製品デモセンターで、インフォアのエンドツーエンド業界ソリューションをご覧ください。",
    "product_demo_button": "もっと詳しく ›"
  },
  "error": {
    "error_to_homepage": "ホームページに戻る ›",
    "error_contact_pre_link": "ご質問やご相談は ",
    "error_contact_linktext": "お問い合わせ",
    "error_contact_post_link": "をご利用ください。",
    "error_message_401": "要求されたリソースにアクセスするには、ユーザー認証が必要となります。",
    "error_message_403": "このページにアクセスする権限がありません。",
    "error_message_404": "お探しのページは利用できません。",
    "error_message_500": "お探しのページは利用できません。"
  },
  "locale": {
    "locale_select_message": "言語の選択",
    "locale_title": "言語",
    "locale_home": "ホーム",
    "locale_lang_az": "言語(昇順)"
  }
}
