{
  "header": {
    "header_doc_central": "الوثائق الأساسية",
    "header_products": "المنتجات",
    "header_products_az": "منتجات Infor من أ-ي",
    "header_cloud": "السحابة",
    "header_technology": "التكنولوجيا",
    "language": {
      "header_language_message": "حدد لغة",
      "header_all_link": "جميع اللغات"
    }
  },
  "home": {
    "home_tagline": "Guiding you to success, wherever you are.",
    "home_browse": "تصفح المنتجات من أ-ي"
  },
  "footer": {
    "footer_training": "التدريب",
    "footer_support": "الدعم",
    "footer_services": "الخدمات",
    "footer_contact": "جهة اتصال Infor",
    "footer_legal": "القانوني",
    "footer_privacy": "الخصوصية",
    "footer_copyright": "حقوق النشر 2020. Infor. جميع الحقوق محفوظة."
  },
  "products": {
    "products_title": "منتجات Infor",
    "products_home": "الصفحة الرئيسية",
    "products_header_products_az": "المنتجات من أ-ي",
    "products_extreme_message_pre_link": "إذا لم تجد اسم المنتج في هذه القائمة، انظر إلى ",
    "products_extreme_message_post_link": " (قد يكون تسجيل الدخول مطلوباً)"
  },
  "product": {
    "product_home": "الصفحة الرئيسية",
    "product_title_text": "إصدار الوثائق عبر الإنترنت",
    "product_version": "الإصدار",
    "product_version_select": "حدد إصدار",
    "product_language_not_available": "لا يتوفر كل المحتوى بلغتك. لقد قمنا بسرد محتوى اللغة الإنجليزية لك أيضاً.",
    "product_title_column": "العنوان",
    "product_language_column": "اللغة",
    "product_date_column": "تاريخ النشر",
    "product_add_info_pre_link": "معلومات إضافية، تتضمن إرشادات تقنية وإرشادات التثبيت، وإصدارات أحدث من تلك المذكورة هنا، تتوفر في ",
    "product_add_info_post_link": " (قد يكون تسجيل الدخول مطلوباً)",
    "product_demo_header": "أتريد عرض توضيحي؟",
    "product_demo_text": "استكشف الحلول الصناعية من بدايتها إلى نهايتها في مركز العرض التوضيحي للمنتج.",
    "product_demo_button": "تعلم المزيد ›"
  },
  "error": {
    "error_to_homepage": "العودة إلى الصفحة الرئيسية ›",
    "error_contact_pre_link": "أتظن أن هناك خطب ما؟ ",
    "error_contact_linktext": "الرجاء الاتصال بنا",
    "error_contact_post_link": ".",
    "error_message_401": "يتطلب المورد المطلوب مصادقة المستخدم.",
    "error_message_403": "ليس لديك الإذن للوصول إلى هذه الصفحة.",
    "error_message_404": "يبدو أن الصفحة التي كنت تبحث عنها غير متوفرة",
    "error_message_500": "يبدو أن الصفحة التي كنت تبحث عنها غير متوفرة."
  },
  "locale": {
    "locale_select_message": "حدد لغة",
    "locale_title": "اللغات",
    "locale_home": "الصفحة الرئيسية",
    "locale_lang_az": "اللغات أ-ي"
  }
}