{
  "header": {
    "header_doc_central": "Documentazione",
    "header_products": "Prodotti",
    "header_products_az": "Prodotti Infor A-Z",
    "header_cloud": "Cloud",
    "header_technology": "Tecnologia",
    "language": {
      "header_language_message": "Selezionare una lingua",
      "header_all_link": "Tutte le lingue"
    }
  },
  "home": {
    "home_tagline": "La tua guida al successo, sempre al tuo fianco!",
    "home_browse": "Ricerca prodotti A-Z"
  },
  "footer": {
    "footer_training": "Corsi",
    "footer_support": "Supporto",
    "footer_services": "Servizi",
    "footer_contact": "Contatti Infor",
    "footer_legal": "Legale",
    "footer_privacy": "Privacy",
    "footer_copyright": "Copyright 2020. Infor. Tutti i diritti riservati."
  },
  "products": {
    "products_title": "Prodotti Infor",
    "products_home": "Home",
    "products_header_products_az": "Prodotti A-Z",
    "products_extreme_message_pre_link": "Se il nome del prodotto ricercato non è in elenco, vedere ",
    "products_extreme_message_post_link": " (potrebbe essere necessario effettuare l'accesso)."
  },
  "product": {
    "product_home": "Home",
    "product_title_text": "Versione documentazione online",
    "product_version": "Versione",
    "product_version_select": "Selezionare una versione",
    "product_language_not_available": "Non tutto il contenuto è disponibile nella lingua scelta. Di seguito il contenuto disponibile soltanto in lingua inglese.",
    "product_title_column": "Titolo",
    "product_language_column": "Lingua",
    "product_date_column": "Data di pubblicazione",
    "product_add_info_pre_link": "Informazioni aggiuntive, tra cui le guide tecniche e le guide di installazione nonché le versioni precedenti delle guide qui elencate, sono disponibili su ",
    "product_add_info_post_link": " (potrebbe essere necessario effettuare l'accesso).",
    "product_demo_header": "Demo disponibili",
    "product_demo_text": "Visualizzare le soluzioni end-to-end del settore, disponibili nel Centro demo prodotti.",
    "product_demo_button": "Altre informazioni ›"
  },
  "error": {
    "error_to_homepage": "Torna alla pagina inziale ›",
    "error_contact_pre_link": "Sono stati riscontrati degli errori? ",
    "error_contact_linktext": "Contattateci",
    "error_contact_post_link": ".",
    "error_message_401": "Per la risorsa richiesta è necessario effettuare l'autenticazione utente.",
    "error_message_403": "L'utente non dispone delle autorizzazioni necessarie per accedere alla pagina.",
    "error_message_404": "La pagina a cui si sta tentando di accedere non sembra essere disponibile.",
    "error_message_500": "La pagina a cui si sta tentando di accedere non sembra essere disponibile."
  },
  "locale": {
    "locale_select_message": "Selezionare una lingua",
    "locale_title": "Lingue",
    "locale_home": "Home",
    "locale_lang_az": "Lingue A-Z"
  }
}
