{
  "header": {
    "header_doc_central": "文件中心",
    "header_products": "產品",
    "header_products_az": "Infor 產品 A-Z",
    "header_cloud": "雲端",
    "header_technology": "技術",
    "language": {
      "header_language_message": "選取語言",
      "header_all_link": "所有語言"
    }
  },
  "home": {
    "home_tagline": "隨時隨地為您指引成功之路",
    "home_browse": "瀏覽產品 A-Z"
  },
  "footer": {
    "footer_training": "訓練",
    "footer_support": "支援",
    "footer_services": "服務",
    "footer_contact": "聯絡 Infor",
    "footer_legal": "法律聲明",
    "footer_privacy": "隱私權",
    "footer_copyright": "版權所有 © 2020 Infor。保留一切權利。"
  },
  "products": {
    "products_title": "Infor 產品",
    "products_home": "首頁",
    "products_header_products_az": "產品 A-Z",
    "products_extreme_message_pre_link": "如果您在此清單中找不到產品名稱，請參閱 ",
    "products_extreme_message_post_link": " (可能需要登入)。"
  },
  "product": {
    "product_home": "首頁",
    "product_title_text": "線上文件版本",
    "product_version": "版本",
    "product_version_select": "選取版本",
    "product_language_not_available": "並非所有內容都提供您的語言版本。我們同時為您列出了英文內容。",
    "product_title_column": "標題",
    "product_language_column": "語言",
    "product_date_column": "發佈日期",
    "product_add_info_pre_link": "其他資訊 (包括技術及安裝指南) 以及較舊版本在以下位置提供: ",
    "product_add_info_post_link": " (可能需要登入)。",
    "product_demo_header": "想要示範?",
    "product_demo_text": "在「產品示範中心」內探索端對端行業解決方案。",
    "product_demo_button": "了解更多 ›"
  },
  "error": {
    "error_to_homepage": "回到首頁 ›",
    "error_contact_pre_link": "認為有什麼問題嗎? 請 ",
    "error_contact_linktext": "聯絡我們",
    "error_contact_post_link": "。",
    "error_message_401": "所要求的資源需要使用者驗證。",
    "error_message_403": "您無權存取此頁面。",
    "error_message_404": "您尋找的頁面不可用",
    "error_message_500": "您尋找的頁面不可用。"
  },
  "locale": {
    "locale_select_message": "選取語言",
    "locale_title": "語言",
    "locale_home": "首頁",
    "locale_lang_az": "語言 A-Z"
  }
}
