{
  "header": {
    "header_doc_central": "Dokumentationscentral",
    "header_products": "Produkter",
    "header_products_az": "Infor-produkter A-Z",
    "header_cloud": "Cloud",
    "header_technology": "Teknologi",
    "language": {
      "header_language_message": "Välj ett språk",
      "header_all_link": "Alla språk"
    }
  },
  "home": {
    "home_tagline": "Framgång med Infor – globalt och lokalt.",
    "home_browse": "Bläddra bland produkter A-Z"
  },
  "footer": {
    "footer_training": "Utbildning",
    "footer_support": "Support",
    "footer_services": "Tjänster",
    "footer_contact": "Kontakta Infor",
    "footer_legal": "Juridiskt",
    "footer_privacy": "Sekretess",
    "footer_copyright": "Copyright 2020. Infor. Med ensamrätt."
  },
  "products": {
    "products_title": "Infor-produkter",
    "products_home": "Startsida",
    "products_header_products_az": "Produkter A-Z",
    "products_extreme_message_pre_link": "Om du inte hittar produktnamnet i listan, se ",
    "products_extreme_message_post_link": " (inloggning kan krävas)."
  },
  "product": {
    "product_home": "Startsida",
    "product_title_text": "dokumentation, onlineversion",
    "product_version": "Version",
    "product_version_select": "Välj en version",
    "product_language_not_available": "Allt innehåll är inte tillgängligt på ditt språk. Listan omfattar därför även det innehåll som bara finns på engelska.",
    "product_title_column": "Titel",
    "product_language_column": "Språk",
    "product_date_column": "Publiceringsdatum",
    "product_add_info_pre_link": "Ytterligare information, inklusive tekniska handböcker och installationsguider och tidigare versioner av den dokumentation som visas här, finns på ",
    "product_add_info_post_link": " (inloggning kan krävas).",
    "product_demo_header": "Vill du ha en demonstration?",
    "product_demo_text": "Utforska våra kompletta branschlösningar i produktdemocentret.",
    "product_demo_button": "Läs mer ›"
  },
  "error": {
    "error_to_homepage": "Gå tillbaka till startsidan >",
    "error_contact_pre_link": "Anser du att något är fel? ",
    "error_contact_linktext": "Kontakta oss",
    "error_contact_post_link": ".",
    "error_message_401": "Den begärda resursen kräver användarautentisering.",
    "error_message_403": "Du har inte behörighet att besöka den här sidan.",
    "error_message_404": "Sidan du söker verkar inte vara tillgänglig",
    "error_message_500": "Sidan du söker verkar inte vara tillgänglig."
  },
  "locale": {
    "locale_select_message": "Välj ett språk",
    "locale_title": "Språk",
    "locale_home": "Startsida",
    "locale_lang_az": "Språk A-Z"
  }
}
