﻿{
  "header": {
    "header_doc_central": "Центр документации",
    "header_products": "Продукты",
    "header_products_az": "Продукты Infor (А–Я)",
    "header_cloud": "Облачные решения",
    "header_technology": "Технология",
    "language": {
      "header_language_message": "Выберите язык",
      "header_all_link": "Все языки"
    }
  },
  "home": {
    "home_tagline": "Путь к успеху, всегда и везде.",
    "home_browse": "Обзор продуктов (А–Я)"
  },
  "footer": {
    "footer_training": "Обучение",
    "footer_support": "Поддержка",
    "footer_services": "Услуги",
    "footer_contact": "Связь с компанией Infor",
    "footer_legal": "Юридическая информация",
    "footer_privacy": "Конфиденциальность",
    "footer_copyright": "Авторские права Infor, 2020. Все права сохранены."
  },
  "products": {
    "products_title": "Продукты Infor",
    "products_home": "Домашняя страница",
    "products_header_products_az": "Продукты (А–Я)",
    "products_extreme_message_pre_link": "Если не удается найти имя продукта в данном списке, перейдите по ссылке ",
    "products_extreme_message_post_link": " (может потребоваться вход)."
  },
  "product": {
    "product_home": "Домашняя страница",
    "product_title_text": "Версия электронной документации:",
    "product_version": "Версия",
    "product_version_select": "Выберите версию",
    "product_language_not_available": "Не весь контент доступен на вашем языке. В списке также приведен контент, доступный только на английском языке.",
    "product_title_column": "Заголовок",
    "product_language_column": "Язык",
    "product_date_column": "Дата публикации",
    "product_add_info_pre_link": "Дополнительная информация, включая руководства по установке, технические руководства и предыдущие версии документов, доступна на портале ",
    "product_add_info_post_link": " (может потребоваться вход в систему).",
    "product_demo_header": "Необходима демонстрация?",
    "product_demo_text": "Для обзора наших целостных отраслевых решений см. раздел \"Центр демонстрации продуктов\".",
    "product_demo_button": "Дополнительные сведения ›"
  },
  "error": {
    "error_to_homepage": "Назад на домашнюю страницу ›",
    "error_contact_pre_link": "Что-то пошло не так? ",
    "error_contact_linktext": "Свяжитесь с нами",
    "error_contact_post_link": ".",
    "error_message_401": "Для запрошенного ресурса требуется проверка подлинности пользователя.",
    "error_message_403": "У вас отсутствует разрешение на доступ к данной странице.",
    "error_message_404": "Похоже, страница, которую вы ищете, недоступна.",
    "error_message_500": "Похоже, страница, которую вы ищете, недоступна."
  },
  "locale": {
    "locale_select_message": "Выберите язык",
    "locale_title": "Языки",
    "locale_home": "Домашняя страница",
    "locale_lang_az": "Языки (А–Я)"
  }
}
