{
  "header": {
    "header_doc_central": "Central de documentación",
    "header_products": "Productos",
    "header_products_az": "Productos de Infor A-Z",
    "header_cloud": "Nube",
    "header_technology": "Tecnología",
    "language": {
      "header_language_message": "Seleccionar idioma",
      "header_all_link": "Todos los idiomas"
    }
  },
  "home": {
    "home_tagline": "Le guiamos hacia el éxito, esté donde esté.",
    "home_browse": "Examinar productos A-Z"
  },
  "footer": {
    "footer_training": "Formación",
    "footer_support": "Soporte",
    "footer_services": "Servicios",
    "footer_contact": "Contactar con Infor",
    "footer_legal": "Legal",
    "footer_privacy": "Privacidad",
    "footer_copyright": "Copyright 2020. Infor. Todos los derechos reservados"
  },
  "products": {
    "products_title": "Productos de Infor",
    "products_home": "Página principal",
    "products_header_products_az": "Productos A-Z",
    "products_extreme_message_pre_link": "Si no encuentra el nombre del producto en esta lista, consulte ",
    "products_extreme_message_post_link": " (podría ser necesario iniciar sesión)"
  },
  "product": {
    "product_home": "Página principal",
    "product_title_text": "Versión de documentación en línea",
    "product_version": "Versión",
    "product_version_select": "Seleccionar versión",
    "product_language_not_available": "No todo el contenido está disponible en su idioma. Hemos incluido también el contenido que solo está en inglés.",
    "product_title_column": "Título",
    "product_language_column": "Idioma",
    "product_date_column": "Fecha de publicación",
    "product_add_info_pre_link": "La información adicional, incluyendo la guía técnica y la de instalación, y versiones anteriores a las enumeradas en esta lista se encuentran disponibles en ",
    "product_add_info_post_link": " (podría ser necesario iniciar sesión)",
    "product_demo_header": "¿Desea ver una demostración?",
    "product_demo_text": "Explore nuestras soluciones integrales del sector en el Centro de demostraciones del producto.",
    "product_demo_button": "Más información ›"
  },
  "error": {
    "error_to_homepage": "Volver a la página principal ›",
    "error_contact_pre_link": "Si encuentra algún error, ",
    "error_contact_linktext": "póngase en contacto",
    "error_contact_post_link": ".",
    "error_message_401": "El recurso solicitado requiere la autenticación del usuario.",
    "error_message_403": "No tiene permiso para acceder a esta página.",
    "error_message_404": "La página que busca no parece estar disponible",
    "error_message_500": "La página que busca no parece estar disponible"
  },
  "locale": {
    "locale_select_message": "Seleccionar idioma",
    "locale_title": "Idiomas",
    "locale_home": "Página principal",
    "locale_lang_az": "Idiomas A-Z"
  }
}
