﻿{
  "header": {
    "header_doc_central": "Centrum dokumentacji",
    "header_products": "Produkty",
    "header_products_az": "Produkty firmy Infor",
    "header_cloud": "Chmura",
    "header_technology": "Technologie",
    "language": {
      "header_language_message": "Wybierz język",
      "header_all_link": "Wszystkie języki"
    }
  },
  "home": {
    "home_tagline": "Projektowanie słowem – nasza pasja, Twój sukces.",
    "home_browse": "Przeglądaj produkty Infor"
  },
  "footer": {
    "footer_training": "Szkolenia",
    "footer_support": "Pomoc techniczna",
    "footer_services": "Usługi",
    "footer_contact": "Kontakt z firmą Infor",
    "footer_legal": "Informacje prawne",
    "footer_privacy": "Prywatność",
    "footer_copyright": "Copyright © 2020 Infor. Wszelkie prawa zastrzeżone."
  },
  "products": {
    "products_title": "Produkty firmy Infor",
    "products_home": "Strona główna",
    "products_header_products_az": "Wszystkie produkty",
    "products_extreme_message_pre_link": "Jeśli wyszukiwanego produktu nie ma na liście, przejdź do ",
    "products_extreme_message_post_link": " (logowanie jest wymagane)."
  },
  "product": {
    "product_home": "Strona główna",
    "product_title_text": "Wersja dokumentacji online",
    "product_version": "Wersja",
    "product_version_select": "Wybierz wersję",
    "product_language_not_available": "Nie wszystkie treści są dostępne w Twoim języku. Poniżej znajdziesz dokumentację w języku angielskim.",
    "product_title_column": "Tytuł",
    "product_language_column": "Język",
    "product_date_column": "Data publikacji",
    "product_add_info_pre_link": "Dodatkowe informacje, z uwzględnieniem przewodników instalacji i dokumentacji technicznej dla starszych wersji, są dostępne na stronie ",
    "product_add_info_post_link": " (logowanie jest wymagane).",
    "product_demo_header": "Chcesz obejrzeć demo?",
    "product_demo_text": "Obejrzyj krótkie filmy, aby poznać nasze kompleksowe rozwiązania biznesowe.",
    "product_demo_button": "Dowiedz się więcej ›"
  },
  "error": {
    "error_to_homepage": "Wróć do Strony głównej ›",
    "error_contact_pre_link": "Masz jakieś uwagi? Skontaktuj ",
    "error_contact_linktext": "się z",
    "error_contact_post_link": "nami",
    "error_message_401": "Wymagany zasób wymaga uwierzytelnienia użytkownika.",
    "error_message_403": "Nie masz uprawnień dostępu do tej strony.",
    "error_message_404": "Wydaje się, że szukana strona jest niedostępna.",
    "error_message_500": "Wydaje się, że szukana strona jest niedostępna."
  },
  "locale": {
    "locale_select_message": "Wybierz język",
    "locale_title": "Języki",
    "locale_home": "Strona główna",
    "locale_lang_az": "Wszystkie języki"
  }
}
