{
  "header": {
    "header_doc_central": "Central de documentação",
    "header_products": "Produtos",
    "header_products_az": "Produtos da Infor de A-Z",
    "header_cloud": "Cloud",
    "header_technology": "Tecnologia",
    "language": {
      "header_language_message": "Selecione um idioma",
      "header_all_link": "Todos os idiomas"
    }
  },
  "home": {
    "home_tagline": "Abrindo o caminho para o sucesso, onde quer que você esteja.",
    "home_browse": "Buscar produtos de A-Z"
  },
  "footer": {
    "footer_training": "Treinamento",
    "footer_support": "Suporte",
    "footer_services": "Serviços",
    "footer_contact": "Entre em contato com a Infor",
    "footer_legal": "Legal",
    "footer_privacy": "Privacidade",
    "footer_copyright": "Copyright 2020. Infor. Todos os direitos reservados."
  },
  "products": {
    "products_title": "Produtos da Infor",
    "products_home": "Página inicial",
    "products_header_products_az": "Produtos de A-Z",
    "products_extreme_message_pre_link": "Se você não encontrar o nome do produto nesta lista, consulte ",
    "products_extreme_message_post_link": " (o login pode ser necessário)."
  },
  "product": {
    "product_home": "Página inicial",
    "product_title_text": "Versão da documentação online",
    "product_version": "Versão",
    "product_version_select": "Selecione uma versão",
    "product_language_not_available": "Nem todo conteúdo está disponível no seu idioma. Nós também incluímos o conteúdo em inglês.",
    "product_title_column": "Título",
    "product_language_column": "Idioma",
    "product_date_column": "Data da publicação",
    "product_add_info_pre_link": "Informações adicionais, incluindo guias técnicos e de instalação e versões anteriores às que estão listadas aqui, estão disponíveis em ",
    "product_add_info_post_link": " (o login pode ser necessário).",
    "product_demo_header": "Deseja assistir a uma demonstração?",
    "product_demo_text": "Explore as nossas soluções integrais da indústria no Centro de demonstração de produtos.",
    "product_demo_button": "Mais informações ›"
  },
  "error": {
    "error_to_homepage": "Voltar à página inicial ›",
    "error_contact_pre_link": "Se encontrar algum erro? Entre em ",
    "error_contact_linktext": "contato conosco",
    "error_contact_post_link": ".",
    "error_message_401": "O recurso solicitado requer a autenticação do usuário.",
    "error_message_403": "Você não tem permissão para acessar esta página.",
    "error_message_404": "Aparentemente a página que você está buscando não está disponível",
    "error_message_500": "Aparentemente a página que você está buscando não está disponível."
  },
  "locale": {
    "locale_select_message": "Selecione um idioma",
    "locale_title": "Idiomas",
    "locale_home": "Página inicial",
    "locale_lang_az": "Idiomas de A-Z"
  }
}
