{
  "header": {
    "header_doc_central": "Documentatiepunt",
    "header_products": "Producten",
    "header_products_az": "Infor-producten van A-Z",
    "header_cloud": "Cloud",
    "header_technology": "Technologie",
    "language": {
      "header_language_message": "Selecteer een taal",
      "header_all_link": "Alle talen"
    }
  },
  "home": {
    "home_tagline": "Guiding you to success, wherever you are.",
    "home_browse": "Door producten van A-Z bladeren"
  },
  "footer": {
    "footer_training": "Training",
    "footer_support": "Support",
    "footer_services": "Services",
    "footer_contact": "Contact opnemen met Infor",
    "footer_legal": "Voorwaarden",
    "footer_privacy": "Privacy",
    "footer_copyright": "Copyright 2020. Infor. Alle rechten voorbehouden."
  },
  "products": {
    "products_title": "Infor-producten",
    "products_home": "Startpagina",
    "products_header_products_az": "Producten van A-Z",
    "products_extreme_message_pre_link": "Als u de naam van een product niet kunt vinden, verwijzen wij u naar ",
    "products_extreme_message_post_link": " (mogelijk is opnieuw aanmelden vereist)."
  },
  "product": {
    "product_home": "Startpagina",
    "product_title_text": "Versie online-documentatie",
    "product_version": "Versie",
    "product_version_select": "Selecteer een versie",
    "product_language_not_available": "Niet alle inhoud is beschikbaar in uw taal. We geven hier ook de inhoud weer die alleen in het Engels beschikbaar is.",
    "product_title_column": "Titel",
    "product_language_column": "Taal",
    "product_date_column": "Publicatiedatum",
    "product_add_info_pre_link": "Extra informatie zoals technische handleidingen en installatiehandleidingen, en eerdere versies van documenten, kunt u vinden in ",
    "product_add_info_post_link": " (mogelijk is opnieuw aanmelden vereist).",
    "product_demo_header": "Demo zien?",
    "product_demo_text": "Ontdek onze integrale sectorspecifieke oplossingen in het productdemocenter.",
    "product_demo_button": "Meer informatie ›"
  },
  "error": {
    "error_to_homepage": "Terug naar de startpagina ›",
    "error_contact_pre_link": "Als u denkt dat er iets onjuist is, ",
    "error_contact_linktext": "neem dan contact met ons op",
    "error_contact_post_link": ".",
    "error_message_401": "Om toegang te krijgen tot de opgevraagde informatiebron, is gebruikersverificatie vereist.",
    "error_message_403": "U bent niet gemachtigd deze pagina te openen.",
    "error_message_404": "De door u gezochte pagina lijkt niet beschikbaar te zijn",
    "error_message_500": "De door u gezochte pagina lijkt niet beschikbaar te zijn."
  },
  "locale": {
    "locale_select_message": "Selecteer een taal",
    "locale_title": "Talen",
    "locale_home": "Startpagina",
    "locale_lang_az": "Talen van A-Z"
  }
}
