{
  "header": {
    "header_doc_central": "文献资料中心",
    "header_products": "产品",
    "header_products_az": "Infor 产品 A-Z",
    "header_cloud": "云",
    "header_technology": "技术",
    "language": {
      "header_language_message": "选择语言",
      "header_all_link": "所有语言"
    }
  },
  "home": {
    "home_tagline": "随时随地为您指引成功之路",
    "home_browse": "浏览产品 A-Z"
  },
  "footer": {
    "footer_training": "培训",
    "footer_support": "支持",
    "footer_services": "服务",
    "footer_contact": "联系 Infor",
    "footer_legal": "法律",
    "footer_privacy": "隐私",
    "footer_copyright": "版权所有 2020 Infor。保留所有权利。"
  },
  "products": {
    "products_title": "Infor 产品",
    "products_home": "主页",
    "products_header_products_az": "产品 A-Z",
    "products_extreme_message_pre_link": "如果在此列表中未能找到您要查找的产品名称，请查看 ",
    "products_extreme_message_post_link": " (可能需要登录)。"
  },
  "product": {
    "product_home": "主页",
    "product_title_text": "在线文档编辑版本",
    "product_version": "版本",
    "product_version_select": "选择版本",
    "product_language_not_available": "您所选语言中不一定含所有内容，因此，我们为您列出了仅为英语的内容，以供参考。",
    "product_title_column": "标题",
    "product_language_column": "语言",
    "product_date_column": "发布日期",
    "product_add_info_pre_link": "存在包括技术和安装指南的附加信息和早于在此列举的版本，请在此查找： ",
    "product_add_info_post_link": " (可能需要登录)。",
    "product_demo_header": "要观看演示吗？",
    "product_demo_text": "浏览产品演示中心中的端到端解决方案。",
    "product_demo_button": "进一步了解 >"
  },
  "error": {
    "error_to_homepage": "返回主页 >",
    "error_contact_pre_link": "是否哪里出错了？请 ",
    "error_contact_linktext": "联系我们",
    "error_contact_post_link": "。",
    "error_message_401": "请求的资源需要用户身份验证。",
    "error_message_403": "您无权访问此页面。",
    "error_message_404": "您在查找的页面看来找不到",
    "error_message_500": "您在查找的页面看来找不到"
  },
  "locale": {
    "locale_select_message": "选择语言",
    "locale_title": "语言",
    "locale_home": "主页",
    "locale_lang_az": "语言 A-Z"
  }
}
