{
  "header": {
    "header_doc_central": "Centrale de documentation",
    "header_products": "Produits",
    "header_products_az": "Produits d'Infor A-Z",
    "header_cloud": "Cloud",
    "header_technology": "Technologie",
    "language": {
      "header_language_message": "Sélectionnez une langue",
      "header_all_link": "Toutes les langues"
    }
  },
  "home": {
    "home_tagline": "Votre guide vers le succès, où que vous soyez.",
    "home_browse": "Parcourir les produits A-Z"
  },
  "footer": {
    "footer_training": "Formation",
    "footer_support": "Support",
    "footer_services": "Services",
    "footer_contact": "Contacter Infor",
    "footer_legal": "Juridique",
    "footer_privacy": "Confidentialité",
    "footer_copyright": "Copyright 2020. Infor. Tous droits réservés."
  },
  "products": {
    "products_title": "Produits d'Infor",
    "products_home": "Accueil",
    "products_header_products_az": "Produits A-Z",
    "products_extreme_message_pre_link": "Si vous ne trouvez pas le nom de votre produit dans cette liste, consultez ",
    "products_extreme_message_post_link": " (Une connexion est peut-être requise)."
  },
  "product": {
    "product_home": "Accueil",
    "product_title_text": "Version de documentation en ligne",
    "product_version": "Version",
    "product_version_select": "Sélectionnez une version",
    "product_language_not_available": "Le contenu n'est pas entièrement disponible dans votre langue. Le contenu en anglais uniquement est également listé.",
    "product_title_column": "Titre",
    "product_language_column": "Langue",
    "product_date_column": "Publié le",
    "product_add_info_pre_link": "D'autres informations, parmi lesquelles des guides techniques et guides d'installation et des versions antérieures aux versions listées ici, sont disponibles à ",
    "product_add_info_post_link": " (Une connexion est peut-être requise).",
    "product_demo_header": "Voulez-vous une démo ?",
    "product_demo_text": "Explorez nos solutions d'industrie de bout en bout dans le centre de démonstration des produits.",
    "product_demo_button": "En savoir plus ›"
  },
  "error": {
    "error_to_homepage": "Retour à la page d'accueil ›",
    "error_contact_pre_link": "Vous pensez qu'il y a un problème ? ",
    "error_contact_linktext": "Veuillez non contacter",
    "error_contact_post_link": ".",
    "error_message_401": "Une authentification utilisateur est nécessaire pour la ressource demandée.",
    "error_message_403": "Vous n'avez pas la permission d'accéder à cette page.",
    "error_message_404": "La page que vous recherchez ne semble pas être disponible",
    "error_message_500": "La page que vous recherchez ne semble pas être disponible."
  },
  "locale": {
    "locale_select_message": "Sélectionnez une langue",
    "locale_title": "Langues",
    "locale_home": "Accueil",
    "locale_lang_az": "Langues A-Z"
  }
}
