{
  "header": {
    "header_doc_central": "Dokumentationszentrale",
    "header_products": "Produkte",
    "header_products_az": "Infor-Produkte A-Z",
    "header_cloud": "Cloud",
    "header_technology": "Technologie",
    "language": {
      "header_language_message": "Sprache auswählen",
      "header_all_link": "Alle Sprachen"
    }
  },
  "home": {
    "home_tagline": "Überall und jederzeit – hilfreiche Ressourcen für Ihren Erfolg.",
    "home_browse": "Produkte A-Z durchsuchen"
  },
  "footer": {
    "footer_training": "Schulung",
    "footer_support": "Support",
    "footer_services": "Services",
    "footer_contact": "Kontakt zu Infor",
    "footer_legal": "Impressum",
    "footer_privacy": "Datenschutz",
    "footer_copyright": "Copyright 2020. Infor. Alle Rechte vorbehalten."
  },
  "products": {
    "products_title": "Infor-Produkte",
    "products_home": "Startseite",
    "products_header_products_az": "Produkte A-Z",
    "products_extreme_message_pre_link": "Sollte das gesuchte Produkt in der Liste nicht aufgeführt sein, finden Sie weitere Informationen auf ",
    "products_extreme_message_post_link": " (Sie müssen sich eventuell anmelden)."
  },
  "product": {
    "product_home": "Startseite",
    "product_title_text": "Onlinedokumentation Version",
    "product_version": "Version",
    "product_version_select": "Version auswählen",
    "product_language_not_available": "Für Ihre Sprache sind nicht alle Inhalte verfügbar. Es werden auch Inhalte aufgeführt, die nur in englischer Sprache verfügbar sind.",
    "product_title_column": "Titel",
    "product_language_column": "Sprache",
    "product_date_column": "Datum der Veröffentlichung",
    "product_add_info_pre_link": "Weitere Informationen, darunter auch technische Handbücher und Installationshandbücher, sowie ältere Versionen der hier aufgeführten Dokumentationen sind verfügbar auf ",
    "product_add_info_post_link": " (Sie müssen sich eventuell anmelden).",
    "product_demo_header": "Sie sind an einer Demo interessiert?",
    "product_demo_text": "Erkunden Sie unsere Komplettlösungen im Demo-Zentrum für Produkte.",
    "product_demo_button": "Mehr erfahren ›"
  },
  "error": {
    "error_to_homepage": "Zurück zur Startseite ›",
    "error_contact_pre_link": "Ein Fehler ist aufgetreten? ",
    "error_contact_linktext": "Kontaktieren Sie uns",
    "error_contact_post_link": ".",
    "error_message_401": "Für die angeforderte Ressource ist eine Benutzerauthentifizierung erforderlich.",
    "error_message_403": "Sie haben keine Berechtigung, auf diese Seite zuzugreifen.",
    "error_message_404": "Die gesuchte Seite ist nicht verfügbar.",
    "error_message_500": "Die gesuchte Seite ist nicht verfügbar."
  },
  "locale": {
    "locale_select_message": "Sprache auswählen",
    "locale_title": "Sprachen",
    "locale_home": "Startseite",
    "locale_lang_az": "Sprachen A-Z"
  }
}
